City_ID,City,Country,Date,Lat,Lng,Max Temp,Humidity,Cloudiness,Wind Speed
0,Thompson,CA,2022-07-05 02:20:31,55.7435,-97.8558,62.76,51,20,10.36
1,New Norfolk,AU,2022-07-05 02:20:31,-42.7826,147.0587,56.91,62,33,2.42
2,Alofi,NU,2022-07-05 02:20:31,-19.0595,-169.9187,76.89,73,75,20.71
3,Hermanus,ZA,2022-07-05 02:20:32,-34.4187,19.2345,50.9,75,0,7.36
4,Kutum,SD,2022-07-05 02:20:32,14.2,24.6667,75.76,60,93,9.42
5,Camacha,PT,2022-07-05 02:20:32,33.0833,-16.3333,63.82,72,75,11.5
6,Vaini,TO,2022-07-05 02:20:32,-21.2,-175.2,77.16,83,40,11.5
7,Barrow,US,2022-07-05 02:20:33,71.2906,-156.7887,41.02,87,100,6.91
8,Ketchikan,US,2022-07-05 02:20:33,55.3422,-131.6461,64.87,72,0,14.97
9,Rikitea,PF,2022-07-05 02:20:33,-23.1203,-134.9692,75.13,73,5,8.05
10,Kapaa,US,2022-07-05 02:20:34,22.0752,-159.319,82.38,75,100,17.27
11,Albany,US,2022-07-05 02:20:34,42.6001,-73.9662,68.05,68,78,3.51
12,Egvekinot,RU,2022-07-05 02:20:34,66.3167,-179.1667,47.05,74,95,5.84
13,San Cristobal,VE,2022-07-05 02:20:34,7.7669,-72.225,69.98,94,72,2.55
14,Hobart,AU,2022-07-05 02:15:44,-42.8794,147.3294,57.25,71,20,11.5
15,Chokurdakh,RU,2022-07-05 02:20:35,70.6333,147.9167,70.59,52,99,18.01
16,Aklavik,CA,2022-07-05 02:20:35,68.2191,-135.0107,87.1,30,6,3.27
17,Vestmanna,FO,2022-07-05 02:20:35,62.1564,-7.1664,45.52,87,100,8.05
18,Talcahuano,CL,2022-07-05 02:20:15,-36.7167,-73.1167,49.68,87,0,6.91
19,Saint-Philippe,RE,2022-07-05 02:20:36,-21.3585,55.7679,64.22,77,57,11.72
20,Busselton,AU,2022-07-05 02:20:36,-33.65,115.3333,56.39,81,100,10.29
21,Hithadhoo,MV,2022-07-05 02:20:36,-0.6,73.0833,81.79,72,36,2.89
22,Limoges,FR,2022-07-05 02:20:37,45.75,1.3333,64.96,59,0,8.05
23,Dikson,RU,2022-07-05 02:20:37,73.5069,80.5464,35.01,98,100,3.36
24,Mataura,NZ,2022-07-05 02:20:37,-46.1927,168.8643,53.47,64,37,11.27
25,Atuona,PF,2022-07-05 02:20:37,-9.8,-139.0333,78.15,72,9,23.0
26,Juneau,US,2022-07-05 02:20:38,58.3019,-134.4197,82.4,100,75,3.44
27,Ribeira Grande,PT,2022-07-05 02:20:38,38.5167,-28.7,65.44,70,100,10.67
28,Gillette,US,2022-07-05 02:17:17,44.2911,-105.5022,78.12,57,0,11.01
29,Ushuaia,AR,2022-07-05 02:18:19,-54.8,-68.3,33.46,75,0,3.44
30,Khasan,RU,2022-07-05 02:20:39,42.4308,130.6434,65.53,93,100,7.76
31,Tiznit,MA,2022-07-05 02:20:39,29.5833,-9.5,70.36,57,7,1.34
32,Clyde River,CA,2022-07-05 02:20:39,70.4692,-68.5914,35.83,93,100,20.71
33,Richards Bay,ZA,2022-07-05 02:20:39,-28.783,32.0377,60.98,92,22,4.16
34,Bethel,US,2022-07-05 02:20:40,41.3712,-73.414,71.96,71,0,4.61
35,Namibe,AO,2022-07-05 02:16:34,-15.1961,12.1522,63.3,71,0,9.84
36,Avarua,CK,2022-07-05 02:20:40,-21.2078,-159.775,73.45,83,75,5.75
37,Panzhihua,CN,2022-07-05 02:20:40,26.5851,101.7128,80.1,74,97,2.15
38,Hambantota,LK,2022-07-05 02:20:41,6.1241,81.1185,80.71,77,100,19.98
39,Yar-Sale,RU,2022-07-05 02:20:41,66.8333,70.8333,48.07,89,100,15.59
40,Nikolskoye,RU,2022-07-05 02:20:41,59.7035,30.7861,64.87,83,94,4.34
41,Yumen,CN,2022-07-05 02:20:42,40.2833,97.2,82.72,12,0,3.53
42,Tuktoyaktuk,CA,2022-07-05 02:20:42,69.4541,-133.0374,62.73,58,56,2.68
43,Akyab,MM,2022-07-05 02:20:42,20.15,92.9,82.42,84,100,16.22
44,Qaanaaq,GL,2022-07-05 02:20:42,77.484,-69.3632,42.84,71,4,0.76
45,Talnakh,RU,2022-07-05 02:20:43,69.4865,88.3972,56.21,47,0,13.51
46,Esperance,AU,2022-07-05 02:20:43,-33.8667,121.9,57.94,41,0,23.09
47,Castro,BR,2022-07-05 02:21:43,-24.7911,-50.0119,56.05,75,100,3.6
48,Samarai,PG,2022-07-05 02:21:44,-10.6167,150.6667,83.44,74,35,13.35
49,Sao Joao Da Barra,BR,2022-07-05 02:21:44,-21.6403,-41.0511,70.84,89,0,14.67
50,Constitucion,CL,2022-07-05 02:21:44,-35.3333,-72.4167,48.15,84,1,1.72
51,East London,ZA,2022-07-05 02:21:44,-33.0153,27.9116,60.19,82,22,7.38
52,Notre-Dame-Du-Lac,CA,2022-07-05 02:21:45,47.6136,-68.7964,57.87,65,9,6.67
53,Otane,NZ,2022-07-05 02:21:45,-39.8833,176.6333,56.01,59,100,2.44
54,Tecate,MX,2022-07-05 02:21:45,32.5667,-116.6333,76.01,59,0,8.59
55,Port Alfred,ZA,2022-07-05 02:21:46,-33.5906,26.891,56.17,95,60,8.12
56,Saint-Augustin,CA,2022-07-05 02:21:46,51.226,-58.6502,51.55,58,10,12.71
57,Pokhara,NP,2022-07-05 02:21:46,28.2333,83.9833,78.53,86,47,3.36
58,Manyana,BW,2022-07-05 02:21:46,-23.4,21.7167,53.71,47,0,9.24
59,Klaksvik,FO,2022-07-05 02:21:47,62.2266,-6.589,47.32,77,99,19.22
60,Ponta Do Sol,PT,2022-07-05 02:21:47,32.6667,-17.1,68.63,69,35,5.86
61,Tautira,PF,2022-07-05 02:21:47,-17.7333,-149.15,77.83,79,53,14.58
62,Yellowknife,CA,2022-07-05 02:21:48,62.456,-114.3525,68.52,32,20,8.05
63,Poum,NC,2022-07-05 02:21:48,-20.2333,164.0167,77.45,84,77,24.72
64,Bucerias,MX,2022-07-05 02:18:12,20.75,-105.3333,84.97,84,100,8.05
65,Port Elizabeth,ZA,2022-07-05 02:21:48,-33.918,25.5701,53.89,97,0,3.44
66,Sonari,IN,2022-07-05 02:21:49,27.0667,95.0333,84.25,81,3,0.07
67,Lompoc,US,2022-07-05 02:21:49,34.6391,-120.4579,71.56,82,100,23.0
68,Sfantu Gheorghe,RO,2022-07-05 02:18:10,45.8667,25.7833,62.92,90,0,2.15
69,Salalah,OM,2022-07-05 02:21:49,17.0151,54.0924,80.69,89,100,6.91
70,Port Blair,IN,2022-07-05 02:21:49,11.6667,92.75,77.04,94,100,13.8
71,Tiksi,RU,2022-07-05 02:21:50,71.6872,128.8694,38.57,89,100,21.14
72,College,US,2022-07-05 02:21:50,64.8569,-147.8028,84.47,38,75,5.75
73,Beringovskiy,RU,2022-07-05 02:17:48,63.05,179.3167,44.8,96,100,4.0
74,Korla,CN,2022-07-05 02:19:09,41.7597,86.1469,89.91,17,0,3.13
75,Punta Arenas,CL,2022-07-05 02:20:45,-53.15,-70.9167,28.51,100,0,6.91
76,Saskylakh,RU,2022-07-05 02:21:50,71.9167,114.0833,50.83,55,93,5.35
77,Banamba,ML,2022-07-05 02:21:51,13.55,-7.45,77.09,72,77,10.0
78,Toamasina,MG,2022-07-05 02:21:51,-18.1667,49.3833,73.4,83,75,9.22
79,Georgetown,MY,2022-07-05 02:19:53,5.4112,100.3354,82.33,84,40,4.61
80,Prince Rupert,CA,2022-07-05 02:21:51,54.3161,-130.3201,59.09,85,0,5.75
81,Butaritari,KI,2022-07-05 02:21:52,3.0707,172.7902,82.98,73,8,21.0
82,Karaton,ID,2022-07-05 02:21:52,-6.3424,106.1045,83.3,69,54,2.59
83,Puerto Ayora,EC,2022-07-05 02:21:52,-0.7393,-90.3518,71.55,91,47,7.0
84,Togur,RU,2022-07-05 02:21:53,58.3631,82.8265,63.14,70,91,9.22
85,Sept-Iles,CA,2022-07-05 02:20:02,50.2001,-66.3821,59.0,62,40,8.05
86,Comodoro Rivadavia,AR,2022-07-05 02:21:53,-45.8667,-67.5,44.46,49,0,9.22
87,Bubaque,GW,2022-07-05 02:21:53,11.2833,-15.8333,80.1,80,82,12.33
88,Arraial Do Cabo,BR,2022-07-05 02:21:54,-22.9661,-42.0278,70.39,89,0,24.47
89,Lebu,CL,2022-07-05 02:21:54,-37.6167,-73.65,50.67,80,100,19.66
90,Victoria,HK,2022-07-05 02:19:40,22.2855,114.1577,87.19,83,100,13.0
91,Troitskoye,RU,2022-07-05 02:21:54,52.9821,84.6757,68.2,55,62,5.79
92,Apricena,IT,2022-07-05 02:21:55,41.7839,15.4437,75.02,50,0,4.21
93,Marfino,RU,2022-07-05 02:22:55,55.7028,37.3822,68.34,64,0,4.47
94,Aketi,CD,2022-07-05 02:22:55,2.7388,23.7833,69.96,94,100,2.51
95,Lydenburg,ZA,2022-07-05 02:22:56,-25.0978,30.4597,44.4,65,0,1.28
96,Souillac,MU,2022-07-05 02:22:56,-20.5167,57.5167,68.38,83,40,12.66
97,Muros,ES,2022-07-05 02:22:56,42.7762,-9.0603,67.08,76,9,12.17
98,Mar Del Plata,AR,2022-07-05 02:22:56,-38.0023,-57.5575,42.1,100,0,0.0
99,Bambous Virieux,MU,2022-07-05 02:22:57,-20.3428,57.7575,68.25,83,40,12.66
100,Fuyang,CN,2022-07-05 02:22:57,32.9,115.8167,76.87,95,100,8.59
101,Arlit,NE,2022-07-05 02:22:57,18.7369,7.3853,87.37,12,62,4.05
102,Shitanjing,CN,2022-07-05 02:22:58,39.2342,106.3439,78.42,31,37,11.99
103,Little Current,CA,2022-07-05 02:22:58,45.9793,-81.9248,59.05,82,100,4.16
104,Itarema,BR,2022-07-05 02:22:58,-2.9248,-39.9167,74.97,86,76,8.97
105,Luau,AO,2022-07-05 02:22:58,-10.7073,22.2247,56.23,49,7,4.23
106,Pala,TD,2022-07-05 02:22:59,9.3642,14.9046,71.33,91,69,4.72
107,San Miguel,SV,2022-07-05 02:22:59,13.4833,-88.1833,82.06,89,75,4.61
108,Maniitsoq,GL,2022-07-05 02:22:59,65.4167,-52.9,43.16,97,100,12.68
109,Jalu,LY,2022-07-05 02:23:00,29.0331,21.5482,77.58,38,0,7.94
110,Hilo,US,2022-07-05 02:19:59,19.7297,-155.09,82.27,76,100,5.75
111,Wanning,CN,2022-07-05 02:23:00,18.8003,110.3967,87.01,70,100,8.41
112,Sao Filipe,CV,2022-07-05 02:23:04,14.8961,-24.4956,74.1,79,8,5.1
113,Caronport,CA,2022-07-05 02:23:05,50.4501,-105.8179,59.18,78,71,12.68
114,Barcelos,PT,2022-07-05 02:23:05,41.5388,-8.6151,69.91,93,12,2.42
115,Mayma,RU,2022-07-05 02:23:05,52.0197,85.9114,70.74,49,54,3.44
116,Codrington,AU,2022-07-05 02:23:05,-38.2667,141.9667,58.57,58,88,9.55
117,Sanmenxia,CN,2022-07-05 02:23:09,34.7747,111.1814,89.89,50,13,8.75
118,Agadez,NE,2022-07-05 02:23:09,19.75,10.25,86.68,11,0,5.64
119,Kodiak,US,2022-07-05 02:21:35,57.79,-152.4072,60.31,77,100,0.0
120,Cabedelo,BR,2022-07-05 02:23:10,-6.9811,-34.8339,77.67,83,53,16.51
121,Hun,LY,2022-07-05 02:23:10,29.1268,15.9477,76.51,68,0,6.8
122,Kefamenanu,ID,2022-07-05 02:23:10,-9.4467,124.4781,73.47,73,89,10.29
123,Gladstone,AU,2022-07-05 02:23:11,-23.85,151.25,53.53,87,100,10.36
124,Moroni,KM,2022-07-05 02:23:11,-11.7022,43.2551,73.54,76,14,11.41
125,Jinxiang,CN,2022-07-05 02:23:11,27.4327,120.6062,85.32,77,99,16.78
126,Vyssi Brod,CZ,2022-07-05 02:23:12,48.616,14.3118,64.74,98,100,5.19
127,Jamestown,US,2022-07-05 02:23:12,42.097,-79.2353,73.04,69,0,5.75
128,Faanui,PF,2022-07-05 02:23:12,-16.4833,-151.75,79.34,72,6,8.1
129,Requena,ES,2022-07-05 02:23:12,39.4883,-1.1004,66.79,67,48,4.38
130,Maceio,BR,2022-07-05 02:23:13,-9.6658,-35.7353,74.64,78,40,8.05
131,Flinders,AU,2022-07-05 02:23:13,-34.5833,150.8552,57.18,88,100,5.99
132,Narsaq,GL,2022-07-05 02:23:13,60.9167,-46.05,46.62,91,100,6.55
133,Cape Town,ZA,2022-07-05 02:22:32,-33.9258,18.4232,55.9,75,0,11.5
134,Naze,JP,2022-07-05 02:24:14,28.3667,129.4833,83.32,80,47,11.54
135,Mao,ES,2022-07-05 02:24:14,39.8885,4.2658,75.76,100,75,4.61
136,Takoradi,GH,2022-07-05 02:24:14,4.8845,-1.7554,74.44,91,85,6.82
137,Longyearbyen,SJ,2022-07-05 02:24:15,78.2186,15.6401,40.84,100,75,9.22
138,Sakaiminato,JP,2022-07-05 02:24:15,35.55,133.2333,89.58,58,75,5.75
139,Tromso,NO,2022-07-05 02:24:15,69.6496,18.957,58.37,88,75,2.3
140,Grand-Lahou,CI,2022-07-05 02:24:16,5.1367,-5.0242,75.43,85,81,8.63
141,Calabaca,PH,2022-07-05 02:24:16,14.3001,122.4336,82.09,82,98,3.31
142,Bluff,NZ,2022-07-05 02:24:16,-46.6,168.3333,53.8,68,82,32.08
143,Iquique,CL,2022-07-05 02:24:16,-20.2208,-70.1431,59.04,77,100,2.24
144,Avallon,FR,2022-07-05 02:24:17,47.4833,3.9,53.8,81,1,2.17
145,Tacoronte,ES,2022-07-05 02:24:17,28.4769,-16.4102,62.15,93,100,21.99
146,Road Town,VG,2022-07-05 02:24:17,18.4167,-64.6167,82.44,78,20,9.22
147,Kuruman,ZA,2022-07-05 02:24:18,-27.4524,23.4325,50.65,53,0,8.95
148,Airai,TL,2022-07-05 02:24:18,-8.9266,125.4092,61.2,85,99,3.62
149,Aykhal,RU,2022-07-05 02:24:18,66.0,111.5,61.92,62,44,7.85
150,Gat,IL,2022-07-05 02:21:01,31.61,34.7642,75.4,80,0,1.77
151,Zomin,UZ,2022-07-05 02:24:18,39.9606,68.3958,72.72,25,2,4.23
152,Vestmannaeyjar,IS,2022-07-05 02:20:45,63.4427,-20.2734,49.01,79,21,7.85
153,Bredasdorp,ZA,2022-07-05 02:24:19,-34.5322,20.0403,46.85,88,0,2.17
154,Dalnerechensk,RU,2022-07-05 02:24:19,45.9339,133.7225,80.56,73,36,4.21
155,Karabulak,RU,2022-07-05 02:24:19,43.3036,44.8964,54.59,62,0,6.33
156,Westport,US,2022-07-05 02:24:20,41.1415,-73.3579,73.74,64,0,8.05
157,Ugoofaaru,MV,2022-07-05 02:24:20,5.6667,73.0,83.07,77,100,14.92
158,Kieta,PG,2022-07-05 02:24:20,-6.2167,155.6333,84.9,69,97,4.29
159,Porto Novo,BJ,2022-07-05 02:24:21,6.4965,2.6036,74.66,93,100,6.91
160,Tucurui,BR,2022-07-05 02:24:21,-3.7661,-49.6725,74.73,85,63,2.57
161,Caravelas,BR,2022-07-05 02:24:21,-17.7125,-39.2481,69.03,89,0,5.19
162,Coahuayana,MX,2022-07-05 02:24:22,18.7333,-103.6833,78.85,92,100,4.54
163,Trincomalee,LK,2022-07-05 02:24:22,8.5711,81.2335,82.06,76,100,18.97
164,Bestobe,KZ,2022-07-05 02:24:22,52.4994,73.0975,61.09,77,99,13.51
165,Celestun,MX,2022-07-05 02:24:22,20.8667,-90.4,81.9,76,71,15.93
166,San Patricio,US,2022-07-05 02:22:58,28.017,-97.5169,85.89,72,0,14.2
167,Nome,US,2022-07-05 02:22:06,64.5011,-165.4064,48.27,87,100,6.91
168,Norman Wells,CA,2022-07-05 02:22:50,65.282,-126.8329,78.84,29,75,16.11
169,Atasu,KZ,2022-07-05 02:24:23,48.6814,71.6433,59.29,64,49,21.74
170,Saint George,US,2022-07-05 02:21:39,37.1041,-113.5841,95.63,11,0,13.8
171,Hervey Bay,AU,2022-07-05 02:23:38,-25.2986,152.8535,58.01,94,100,3.0
172,Vardo,NO,2022-07-05 02:24:23,70.3705,31.1107,48.18,100,100,8.05
173,Pouembout,NC,2022-07-05 02:24:24,-21.1333,164.9,82.08,65,58,10.04
174,Den Helder,NL,2022-07-05 02:24:24,52.9599,4.7593,60.98,73,20,10.36
175,Moyale,KE,2022-07-05 02:24:24,3.5167,39.0584,61.43,89,89,8.41
176,Grindavik,IS,2022-07-05 02:24:25,63.8424,-22.4338,48.15,87,100,3.44
177,Cayenne,GF,2022-07-05 02:24:25,4.9333,-52.3333,80.1,1,0,3.44
178,Mount Gambier,AU,2022-07-05 02:24:46,-37.8333,140.7667,57.56,59,6,7.87
179,Denpasar,ID,2022-07-05 02:24:36,-8.65,115.2167,82.06,88,40,16.11
180,Hamilton,US,2022-07-05 02:23:30,39.1834,-84.5333,80.91,63,0,0.0
181,Prabumulih,ID,2022-07-05 02:25:47,-3.45,104.25,80.56,85,84,2.98
182,Freetown,SL,2022-07-05 02:25:47,8.484,-13.2299,76.78,82,100,7.96
183,Upernavik,GL,2022-07-05 02:25:47,72.7868,-56.1549,38.03,86,0,12.48
184,Provideniya,RU,2022-07-05 02:25:48,64.3833,-173.3,48.36,87,100,11.18
185,Okoneshnikovo,RU,2022-07-05 02:25:48,54.8377,75.0834,61.43,86,100,13.76
186,Petropavlovsk-Kamchatskiy,RU,2022-07-05 02:25:12,53.0452,158.6483,57.79,100,75,8.95
187,Zhigansk,RU,2022-07-05 02:25:48,66.7697,123.3711,58.91,55,95,14.85
188,Meulaboh,ID,2022-07-05 02:25:49,4.1363,96.1285,76.82,84,100,6.4
189,Nyurba,RU,2022-07-05 02:25:49,63.2842,118.3319,69.01,58,100,4.5
190,Khatanga,RU,2022-07-05 02:25:49,71.9667,102.5,51.12,50,100,2.82
191,Ixtapa,MX,2022-07-05 02:25:49,20.7,-105.2,84.22,84,100,8.05
192,Karatu,TZ,2022-07-05 02:25:50,-3.3333,35.6667,52.79,93,54,4.38
193,Kamaishi,JP,2022-07-05 02:25:50,39.2667,141.8833,80.13,71,100,9.08
194,Sidi Ali,DZ,2022-07-05 02:25:50,36.0998,0.4206,77.34,61,100,9.13
195,Cristinesti,RO,2022-07-05 02:25:51,48.1,26.3833,75.38,68,93,4.61
196,Lorengau,PG,2022-07-05 02:25:51,-2.0226,147.2712,84.22,72,98,5.99
197,Pombia,IT,2022-07-05 02:25:51,45.653,8.6336,68.25,85,20,5.75
198,Kahului,US,2022-07-05 02:21:45,20.8947,-156.47,82.42,74,40,29.93
199,Usevya,TZ,2022-07-05 02:25:51,-7.1,31.2333,61.12,62,3,6.53
200,Torbay,CA,2022-07-05 02:25:52,47.6666,-52.7314,58.57,74,0,19.57
201,Kirakira,SB,2022-07-05 02:25:52,-10.4544,161.9205,84.88,71,37,11.14
202,Saint Anthony,US,2022-07-05 02:25:52,45.0205,-93.218,80.53,80,0,9.22
203,Bud,US,2022-07-05 02:25:53,39.447,-86.1758,85.98,72,98,6.29
204,Marsa Matruh,EG,2022-07-05 02:25:53,31.3525,27.2453,77.2,73,0,6.91
205,Ancud,CL,2022-07-05 02:25:53,-41.8697,-73.8203,45.23,85,100,19.01
206,Tuatapere,NZ,2022-07-05 02:25:54,-46.1333,167.6833,52.38,66,33,11.41
207,Treinta Y Tres,UY,2022-07-05 02:25:54,-33.2333,-54.3833,56.32,97,98,5.19
208,Mount Isa,AU,2022-07-05 02:25:54,-20.7333,139.5,62.37,48,0,13.8
209,West Plains,US,2022-07-05 02:25:55,36.7281,-91.8524,85.08,77,0,5.99
210,Lagoa,PT,2022-07-05 02:25:55,39.05,-27.9833,63.52,70,100,12.62
211,Fairbanks,US,2022-07-05 02:22:35,64.8378,-147.7164,84.49,38,0,5.75
212,Isangel,VU,2022-07-05 02:22:47,-19.55,169.2667,82.51,69,40,13.8
213,Mfou,CM,2022-07-05 02:25:55,3.7159,11.6427,69.66,100,75,2.3
214,Ambulu,ID,2022-07-05 02:25:56,-8.345,113.6058,82.69,75,92,2.73
215,Port Hawkesbury,CA,2022-07-05 02:25:56,45.6169,-61.3485,61.59,74,0,3.0
216,Luorong,CN,2022-07-05 02:25:56,24.4058,109.6086,83.89,84,93,7.34
217,Kruisfontein,ZA,2022-07-05 02:25:56,-34.0033,24.7314,47.88,73,0,4.18
218,Hearst,CA,2022-07-05 02:24:02,49.6835,-83.6665,64.65,66,99,3.89
219,Manokwari,ID,2022-07-05 02:25:57,-0.8667,134.0833,83.23,69,33,4.68
220,Hami,CN,2022-07-05 02:25:57,42.8,93.45,90.03,10,4,10.09
221,Basirpur,PK,2022-07-05 02:25:57,30.5832,73.829,96.75,45,38,3.2
222,Bandarbeyla,SO,2022-07-05 02:25:58,9.4942,50.8122,79.12,65,44,30.15
223,Hasaki,JP,2022-07-05 02:25:58,35.7333,140.8333,90.28,73,100,17.92
224,Deputatskiy,RU,2022-07-05 02:25:58,69.3,139.9,74.07,36,81,25.23
225,Kaitangata,NZ,2022-07-05 02:25:59,-46.2817,169.8464,53.98,59,13,13.71
226,Likasi,CD,2022-07-05 02:26:59,-10.9814,26.7333,52.11,68,3,3.78
227,Singkang,MY,2022-07-05 02:26:59,2.1006,102.7994,80.17,85,100,1.79
228,Carnarvon,AU,2022-07-05 02:26:13,-24.8667,113.6333,65.8,28,32,7.83
229,Garowe,SO,2022-07-05 02:27:00,8.4054,48.4845,74.21,65,100,28.03
230,Hailey,US,2022-07-05 02:27:00,43.5196,-114.3153,75.88,54,40,3.44
231,Mahon,ES,2022-07-05 02:27:00,39.8885,4.2658,75.76,100,75,4.61
232,Port Macquarie,AU,2022-07-05 02:27:00,-31.4333,152.9167,58.89,94,100,4.61
233,Birao,CF,2022-07-05 02:27:01,10.2849,22.7882,73.87,70,100,2.37
234,Montes Altos,BR,2022-07-05 02:27:01,-5.8333,-47.0667,78.33,57,100,3.69
235,Heilbron,ZA,2022-07-05 02:27:02,-27.2812,27.9709,46.65,56,0,3.24
236,Antalaha,MG,2022-07-05 02:27:02,-14.9003,50.2788,69.84,87,95,13.51
237,Praia,CV,2022-07-05 02:27:02,14.9215,-23.5087,75.74,78,75,13.8
238,Iki-Burul,RU,2022-07-05 02:27:03,45.8208,44.6472,70.27,47,55,6.33
239,Tarko-Sale,RU,2022-07-05 02:27:03,64.9225,77.785,53.76,55,6,6.69
240,Arkhangelskoye,RU,2022-07-05 02:27:03,55.8549,35.3287,60.01,90,78,1.86
241,Hongjiang,CN,2022-07-05 02:27:04,27.11,109.9956,85.75,73,39,4.25
242,Nuevo Casas Grandes,MX,2022-07-05 02:27:04,30.4167,-107.9167,79.75,47,95,1.99
243,Katherine,AU,2022-07-05 02:27:04,-14.4667,132.2667,66.52,37,24,17.27
244,Gizo,SB,2022-07-05 02:27:05,-8.103,156.8419,84.6,70,98,7.94
245,Tosya,TR,2022-07-05 02:27:05,41.0155,34.0401,51.76,57,0,2.01
246,Nakamura,JP,2022-07-05 02:27:05,32.9833,132.9333,79.07,95,99,6.17
247,Bontang,ID,2022-07-05 02:24:11,0.1333,117.5,81.75,71,100,3.02
248,Kenai,US,2022-07-05 02:27:06,60.5544,-151.2583,66.02,79,75,9.22
249,Iqaluit,CA,2022-07-05 02:27:06,63.7506,-68.5145,47.93,70,100,6.91
250,Oksfjord,NO,2022-07-05 02:27:06,70.2396,22.3479,60.98,73,100,9.71
251,Alice Springs,AU,2022-07-05 02:27:06,-23.7,133.8833,51.35,43,0,10.36
252,Severo-Kurilsk,RU,2022-07-05 02:27:07,50.6789,156.125,54.41,83,100,10.63
253,Siauliai,LT,2022-07-05 02:27:07,55.9333,23.3167,59.02,94,0,5.75
254,Qaqortoq,GL,2022-07-05 02:27:08,60.7167,-46.0333,44.87,91,98,8.21
255,Kavaratti,IN,2022-07-05 02:27:08,10.5669,72.642,81.36,81,98,25.05
256,Esmeraldas,BR,2022-07-05 02:27:08,-19.7625,-44.3139,65.26,82,0,5.37
257,Nador,MA,2022-07-05 02:27:09,35.174,-2.9287,79.05,65,0,4.61
258,Ciudad Bolivar,VE,2022-07-05 02:27:09,8.1222,-63.5497,80.11,76,42,10.18
259,Saint-Francois,FR,2022-07-05 02:24:12,46.4154,3.9054,56.64,100,0,0.0
260,Bambanglipuro,ID,2022-07-05 02:27:09,-7.95,110.2833,83.68,71,30,1.68
261,Vilhena,BR,2022-07-05 02:27:10,-12.7406,-60.1458,70.41,58,46,2.08
262,Turukhansk,RU,2022-07-05 02:27:10,65.8167,87.9833,55.96,55,100,8.84
263,Rudbar,AF,2022-07-05 02:27:10,30.15,62.6,79.81,25,100,18.3
264,Bengkulu,ID,2022-07-05 02:27:11,-3.8004,102.2655,80.82,77,75,2.93
265,Chunskiy,RU,2022-07-05 02:27:11,56.0815,99.6342,72.14,45,69,2.28
266,Coquimbo,CL,2022-07-05 02:22:55,-29.9533,-71.3436,51.53,76,0,6.91
267,Salinas,US,2022-07-05 02:23:21,36.6777,-121.6555,74.21,70,100,10.36
268,Portland,US,2022-07-05 02:24:20,45.5234,-122.6762,79.54,46,20,8.05
269,Hemsedal,NO,2022-07-05 02:28:11,60.8629,8.5534,45.16,86,31,5.44
270,Lingao,CN,2022-07-05 02:28:12,19.9103,109.6859,86.11,72,100,6.31
271,Marawi,PH,2022-07-05 02:28:12,7.9986,124.2928,79.74,68,94,2.13
272,Sao Bento,BR,2022-07-05 02:28:12,-6.2833,-37.75,68.61,89,2,10.07
273,Margate,GB,2022-07-05 02:28:13,51.3813,1.3862,60.69,66,92,5.99
274,Nanortalik,GL,2022-07-05 02:28:13,60.1432,-45.2371,44.35,90,59,3.67
275,Yacuiba,BO,2022-07-05 02:28:13,-22.038,-63.6797,59.4,90,32,3.91
276,Prieska,ZA,2022-07-05 02:28:14,-29.6641,22.7474,56.64,45,63,6.67
277,Kapasan,ID,2022-07-05 02:28:14,-6.7773,111.3789,83.71,74,42,4.99
278,Salinopolis,BR,2022-07-05 02:23:58,-0.6136,-47.3561,77.45,84,8,9.46
279,Gigmoto,PH,2022-07-05 02:28:14,13.7796,124.39,85.15,72,100,3.02
280,Copiapo,CL,2022-07-05 02:26:35,-27.3667,-70.3333,46.09,49,95,1.01
281,Vila Velha,BR,2022-07-05 02:27:16,-20.3297,-40.2925,69.94,94,100,1.14
282,Berlevag,NO,2022-07-05 02:28:15,70.8578,29.0864,55.2,100,100,9.22
283,Kigoma,TZ,2022-07-05 02:28:15,-4.8769,29.6267,70.43,59,8,3.71
284,Chuy,UY,2022-07-05 02:28:15,-33.6971,-53.4616,55.98,98,98,5.68
285,Grand Gaube,MU,2022-07-05 02:28:16,-20.0064,57.6608,68.4,79,89,20.87
286,Milkovo,RU,2022-07-05 02:28:16,54.7167,158.6167,57.02,85,100,1.14
287,Van Buren,US,2022-07-05 02:25:16,35.4368,-94.3483,93.22,46,0,6.91
288,Oranjemund,NA,2022-07-05 02:28:16,-28.55,16.4333,52.27,90,0,2.48
289,Bardiyah,LY,2022-07-05 02:28:17,31.7561,25.0865,73.65,71,0,7.25
290,Madang,PG,2022-07-05 02:28:17,-5.2246,145.7966,86.22,62,100,3.91
291,Cap Malheureux,MU,2022-07-05 02:28:17,-19.9842,57.6142,66.47,79,86,20.58
292,Bousso,TD,2022-07-05 02:28:17,10.4795,16.7117,77.16,79,58,4.14
293,Quelimane,MZ,2022-07-05 02:28:18,-17.8786,36.8883,64.35,94,20,3.44
294,Khani,GE,2022-07-05 02:28:18,41.9563,42.9566,51.37,79,3,5.12
295,Kurumkan,RU,2022-07-05 02:28:18,54.3,110.3,63.41,83,87,4.76
296,Kalmunai,LK,2022-07-05 02:28:19,7.4167,81.8167,83.32,63,100,8.32
297,Sosnovo-Ozerskoye,RU,2022-07-05 02:28:19,52.5249,111.5418,66.81,56,51,13.13
298,Santa Maria,BR,2022-07-05 02:28:19,-29.6842,-53.8069,61.9,100,100,4.61
299,Hay River,CA,2022-07-05 02:28:20,60.8156,-115.7999,60.78,59,20,14.97
300,Veinticinco De Mayo,AR,2022-07-05 02:28:20,-35.4323,-60.1727,43.99,97,0,4.38
301,Dingle,PH,2022-07-05 02:28:20,10.9995,122.6711,82.87,78,79,5.14
302,Henties Bay,NA,2022-07-05 02:28:21,-22.116,14.2845,54.03,87,0,6.11
303,San Matias,BO,2022-07-05 02:28:21,-16.3667,-58.4,77.97,43,73,5.48
304,Carmen,MX,2022-07-05 02:28:21,18.6333,-91.8333,82.24,74,100,16.04
305,Hovd,MN,2022-07-05 02:28:21,48.0056,91.6419,65.16,27,100,2.1
306,Lebanon,US,2022-07-05 02:23:54,36.2081,-86.2911,86.97,80,44,4.21
307,Tasiilaq,GL,2022-07-05 02:28:22,65.6145,-37.6368,39.36,84,100,6.46
308,Half Moon Bay,US,2022-07-05 02:28:22,37.4636,-122.4286,77.02,76,100,17.27
309,Pevek,RU,2022-07-05 02:28:22,69.7008,170.3133,45.25,73,16,3.94
310,Cherskiy,RU,2022-07-05 02:28:23,68.75,161.3,70.39,39,99,17.11
311,Mayo,US,2022-07-05 02:28:23,38.8876,-76.5119,77.25,77,0,1.01
312,Balikpapan,ID,2022-07-05 02:28:23,-1.2675,116.8289,85.19,74,20,5.75
313,Luderitz,NA,2022-07-05 02:28:23,-26.6481,15.1594,52.95,86,0,6.6
314,Evanston,US,2022-07-05 02:25:47,42.0411,-87.6901,79.97,78,40,13.8
315,Beyneu,KZ,2022-07-05 02:29:24,45.3167,55.2,69.84,48,44,16.26
316,Goderich,CA,2022-07-05 02:29:24,43.7501,-81.7165,75.52,60,100,5.75
317,Pacific Grove,US,2022-07-05 02:29:24,36.6177,-121.9166,72.25,84,100,6.91
318,Magistralnyy,RU,2022-07-05 02:29:25,56.1725,107.4458,63.88,67,99,8.57
319,Cockburn Town,TC,2022-07-05 02:29:25,21.4612,-71.1419,81.55,84,52,19.71
320,Miri,MY,2022-07-05 02:29:25,4.4148,114.0089,86.14,79,20,3.44
321,Broome,US,2022-07-05 02:29:26,42.2506,-75.833,70.68,78,100,1.72
322,Jumla,NP,2022-07-05 02:29:26,29.2747,82.1838,70.07,83,72,1.57
323,Saldanha,ZA,2022-07-05 02:29:26,-33.0117,17.9442,42.85,83,0,11.03
324,Ormara,PK,2022-07-05 02:29:26,25.2088,64.6357,84.06,83,94,1.48
325,Sinnamary,GF,2022-07-05 02:29:27,5.3833,-52.95,76.98,87,99,8.66
326,Manzanillo,CU,2022-07-05 02:29:27,20.3433,-77.1167,75.78,90,100,3.98
327,San Quintin,MX,2022-07-05 02:29:27,30.4833,-115.95,65.79,76,0,15.35
328,Ussel,FR,2022-07-05 02:29:28,45.55,2.3167,54.3,84,0,3.4
329,Zhangye,CN,2022-07-05 02:29:28,38.9342,100.4517,80.31,22,0,3.56
330,Kamuli,UG,2022-07-05 02:29:28,0.9472,33.1197,59.2,78,3,2.51
331,Mangrol,IN,2022-07-05 02:29:29,21.1167,70.1167,82.35,88,100,17.81
332,Kisii,KE,2022-07-05 02:29:29,-0.6817,34.7667,55.26,85,38,3.67
333,Magnolia,US,2022-07-05 02:29:29,33.2671,-93.2393,80.29,63,96,3.51
334,Nizwa,OM,2022-07-05 02:29:30,22.9333,57.5333,89.91,53,100,2.62
335,Iranshahr,IR,2022-07-05 02:29:30,27.2025,60.6848,82.74,78,0,4.61
336,Matao,BR,2022-07-05 02:29:30,-21.6033,-48.3658,60.93,49,5,6.11
337,Remanso,BR,2022-07-05 02:29:31,-9.6179,-42.0831,73.98,61,12,15.93
338,Laguna,US,2022-07-05 02:29:31,38.421,-121.4238,84.76,50,0,14.97
339,Soria,ES,2022-07-05 02:24:58,41.6667,-2.6667,57.85,99,0,5.44
340,Caningay,PH,2022-07-05 02:29:31,9.8297,122.6442,80.94,79,89,2.37
341,Luwuk,ID,2022-07-05 02:29:31,-0.9516,122.7875,79.81,85,100,4.12
342,Tazovskiy,RU,2022-07-05 02:29:32,67.4667,78.7,48.78,60,29,5.77
343,Port Lincoln,AU,2022-07-05 02:29:32,-34.7333,135.8667,55.81,70,1,11.86
344,Moron,AR,2022-07-05 02:29:32,-34.6534,-58.6198,53.29,93,22,6.82
345,Acapulco,MX,2022-07-05 02:25:05,16.8634,-99.8901,82.22,78,100,12.66
346,Vostok,RU,2022-07-05 02:29:33,46.4856,135.8833,74.05,78,97,2.1
347,Alihe,CN,2022-07-05 02:29:33,50.5667,123.7167,84.81,53,55,7.36
348,Havoysund,NO,2022-07-05 02:29:33,70.9963,24.6622,48.43,84,100,11.95
349,Teguise,ES,2022-07-05 02:29:34,29.0605,-13.564,66.42,78,100,13.8
350,Zyryanka,RU,2022-07-05 02:29:34,65.75,150.85,81.37,36,56,20.11
351,Kirillov,RU,2022-07-05 02:29:34,59.863,38.3813,62.04,96,53,3.38
352,Gunjur,GM,2022-07-05 02:29:34,13.2019,-16.7339,75.27,94,40,0.0
353,Menongue,AO,2022-07-05 02:29:35,-14.6585,17.691,49.95,64,0,5.23
354,Kavieng,PG,2022-07-05 02:29:35,-2.5744,150.7967,83.44,78,100,12.82
355,Saint-Denis,FR,2022-07-05 02:29:35,48.9167,2.3333,58.23,82,0,6.91
356,Gboko,NG,2022-07-05 02:29:36,7.3179,8.9951,70.39,95,87,6.82
357,Esso,RU,2022-07-05 02:29:36,55.9333,158.7,61.57,57,82,3.89
358,Aswan,EG,2022-07-05 02:29:36,24.0934,32.907,85.3,20,0,8.05
359,Kushima,JP,2022-07-05 02:29:36,31.4583,131.2333,81.19,89,100,11.43
360,Buraydah,SA,2022-07-05 02:30:37,26.326,43.975,82.85,15,98,9.8
361,Accra,GH,2022-07-05 02:30:37,5.556,-0.1969,74.48,90,100,7.99
362,Ostrovnoy,RU,2022-07-05 02:30:37,68.0531,39.5131,52.05,94,95,4.45
363,Atbasar,KZ,2022-07-05 02:30:38,51.8,68.3333,55.9,91,100,18.16
364,Champerico,GT,2022-07-05 02:30:38,14.3,-91.9167,81.3,78,92,7.27
365,Okha,RU,2022-07-05 02:30:38,53.5739,142.9478,72.75,59,53,10.22
366,Kindu,CD,2022-07-05 02:30:38,-2.95,25.95,67.39,54,83,1.83
367,La Ronge,CA,2022-07-05 02:30:39,55.1001,-105.2842,66.45,39,20,10.36
368,Shahreza,IR,2022-07-05 02:30:39,32.0339,51.8794,68.58,41,1,7.4
369,Nouadhibou,MR,2022-07-05 02:30:39,20.931,-17.0347,71.58,78,32,20.71
370,Nantucket,US,2022-07-05 02:28:43,41.2835,-70.0995,72.0,88,0,9.22
371,Casablanca,MA,2022-07-05 02:30:40,33.5928,-7.6192,70.02,85,26,7.34
372,Sao Joao Nepomuceno,BR,2022-07-05 02:30:40,-21.54,-43.0106,64.58,71,0,1.25
373,Oranjestad,AW,2022-07-05 02:30:40,12.524,-70.027,80.55,83,75,17.27
374,Touros,BR,2022-07-05 02:30:41,-5.1989,-35.4608,73.54,93,28,12.93
375,Charlestown,AU,2022-07-05 02:30:41,-32.95,151.6667,61.68,98,100,8.01
376,Ilulissat,GL,2022-07-05 02:30:41,69.2167,-51.1,50.02,62,20,2.3
377,Wau,SS,2022-07-05 02:30:42,7.7029,27.9953,69.19,93,80,3.11
378,Cabo San Lucas,MX,2022-07-05 02:27:37,22.8909,-109.9124,92.5,42,0,11.5
379,Mantua,IT,2022-07-05 02:30:14,45.1667,10.7833,72.64,83,2,5.99
380,Lavrentiya,RU,2022-07-05 02:27:26,65.5833,-171.0,50.38,76,93,8.95
381,Nizhniy Kuranakh,RU,2022-07-05 02:30:42,58.8353,125.4869,90.03,35,19,8.61
382,Alfonsine,IT,2022-07-05 02:27:27,44.5061,12.0564,75.16,83,0,1.01
383,Vinh,VN,2022-07-05 02:30:43,18.6667,105.6667,93.45,53,100,9.6
384,Bin Qirdan,TN,2022-07-05 02:30:43,33.1378,11.2197,79.29,60,0,2.71
385,Honningsvag,NO,2022-07-05 02:30:43,70.9821,25.9704,47.95,100,75,2.3
386,Cairns,AU,2022-07-05 02:30:43,-16.9167,145.7667,67.06,92,100,6.91
387,Sitka,US,2022-07-05 02:29:48,57.0531,-135.33,64.29,77,0,8.05
388,Campo Do Brito,BR,2022-07-05 02:30:44,-10.7333,-37.4933,65.48,96,72,3.11
389,Gerede,TR,2022-07-05 02:30:44,40.8008,32.1969,49.23,74,0,2.71
390,Tucuma,BR,2022-07-05 02:30:44,-0.1833,-50.05,74.55,92,4,5.32
391,Canavieiras,BR,2022-07-05 02:26:28,-15.675,-38.9472,69.75,89,15,5.91
392,Berbera,SO,2022-07-05 02:30:45,10.4396,45.0143,87.71,43,85,28.48
393,San Vicente,AR,2022-07-05 02:30:45,-26.6167,-54.1333,61.79,78,100,3.56
394,Yulara,AU,2022-07-05 02:30:45,-25.2406,130.9889,55.96,28,0,11.1
395,Sur,OM,2022-07-05 02:30:46,22.5667,59.5289,86.76,67,100,6.2
396,Todos Santos,MX,2022-07-05 02:26:07,23.45,-110.2167,89.04,76,8,7.78
397,Sobolevo,RU,2022-07-05 02:30:46,54.4299,31.8996,63.27,88,16,2.37
398,Guerrero Negro,MX,2022-07-05 02:29:26,27.9769,-114.0611,67.23,77,0,21.94
399,Riyadh,SA,2022-07-05 02:28:23,24.6877,46.7219,86.14,18,3,9.28
400,Pisco,PE,2022-07-05 02:30:47,-13.7,-76.2167,62.65,77,75,3.44
401,Florianopolis,BR,2022-07-05 02:30:47,-27.6146,-48.5012,66.42,97,75,8.05
402,Karratha,AU,2022-07-05 02:31:48,-20.7377,116.8463,67.8,25,17,21.21
403,Churapcha,RU,2022-07-05 02:31:48,62.0025,132.4325,87.19,47,44,3.74
404,Souris,CA,2022-07-05 02:31:48,49.6172,-100.2612,64.74,97,100,11.54
405,Kaseda,JP,2022-07-05 02:31:49,31.4167,130.3167,80.47,88,93,15.7
406,Leningradskiy,RU,2022-07-05 02:31:49,69.3833,178.4167,50.0,67,35,7.45
407,Sinjar,IQ,2022-07-05 02:31:49,36.3209,41.8754,84.06,24,0,4.61
408,Kembe,CF,2022-07-05 02:31:50,4.6228,21.8865,68.52,96,97,1.07
409,Alfeld,DE,2022-07-05 02:31:50,51.9838,9.8199,58.95,86,7,1.48
410,Matara,LK,2022-07-05 02:31:50,5.9485,80.5353,79.47,84,100,14.7
411,Vila Franca Do Campo,PT,2022-07-05 02:31:50,37.7167,-25.4333,66.2,78,93,5.01
412,Quatre Cocos,MU,2022-07-05 02:31:51,-20.2078,57.7625,68.11,70,97,17.65
413,Ahuimanu,US,2022-07-05 02:31:51,21.4447,-157.8378,82.11,69,40,21.85
414,Aloleng,PH,2022-07-05 02:31:51,16.1307,119.7824,84.24,71,82,5.86
415,Faya,SA,2022-07-05 02:31:52,18.3851,42.4509,64.92,45,4,6.67
416,Kuvandyk,RU,2022-07-05 02:31:52,51.4781,57.3552,53.76,72,100,14.65
417,Rajapur,IN,2022-07-05 02:31:53,25.3833,81.15,93.97,50,2,11.9
418,Brewster,US,2022-07-05 02:31:53,41.3973,-73.6171,72.16,72,0,4.61
419,Rawson,AR,2022-07-05 02:31:53,-43.3002,-65.1023,49.37,46,94,26.82
420,Weligama,LK,2022-07-05 02:31:53,5.9667,80.4167,79.23,85,100,15.5
421,Merauke,ID,2022-07-05 02:31:54,-8.4667,140.3333,78.78,88,100,15.12
422,Kantang,TH,2022-07-05 02:31:54,7.4054,99.5156,83.98,99,40,3.44
423,Pangnirtung,CA,2022-07-05 02:31:54,66.1451,-65.7125,51.73,58,100,1.83
424,Gondanglegi,ID,2022-07-05 02:31:55,-7.7479,112.0132,85.32,71,88,3.09
425,Mwinilunga,ZM,2022-07-05 02:31:55,-11.7358,24.4293,52.0,70,3,4.29
426,Aksehir,TR,2022-07-05 02:31:55,38.3575,31.4164,57.85,55,0,4.23
427,Hualmay,PE,2022-07-05 02:31:56,-11.0964,-77.6139,61.61,84,29,7.45
428,Edd,ER,2022-07-05 02:31:56,13.9297,41.6925,87.28,69,100,2.04
429,Rawalpindi,PK,2022-07-05 02:30:47,33.6007,73.0679,85.23,75,51,4.0
430,Pangody,RU,2022-07-05 02:31:56,65.85,74.4859,54.54,50,100,8.39
431,Ballina,AU,2022-07-05 02:31:57,-28.8667,153.5667,52.02,99,100,5.37
432,Miramar,US,2022-07-05 02:31:45,25.9873,-80.2323,84.22,80,20,11.5
433,Alekseyevsk,RU,2022-07-05 02:31:57,57.8406,108.3492,65.52,77,100,1.59
434,Kesova Gora,RU,2022-07-05 02:31:57,57.5836,37.2922,63.72,89,95,4.38
435,Juybar,IR,2022-07-05 02:31:58,36.6412,52.9124,68.09,58,0,3.29
436,Rocha,UY,2022-07-05 02:31:58,-34.4833,-54.3333,53.42,98,69,7.23
437,Toma,BF,2022-07-05 02:31:58,12.7667,-2.8833,80.85,67,85,7.43
438,Svetlogorsk,BY,2022-07-05 02:31:59,52.6333,29.7333,66.25,83,44,4.05
439,Dicabisagan,PH,2022-07-05 02:31:59,17.0818,122.4157,87.21,64,84,5.55
440,Kloulklubed,PW,2022-07-05 02:30:27,7.0419,134.2556,81.1,84,96,9.98
441,Ahipara,NZ,2022-07-05 02:32:00,-35.1667,173.1667,58.8,96,100,13.35
442,Maxixe,MZ,2022-07-05 02:32:00,-23.8597,35.3472,64.11,87,0,1.97
443,Independencia,BR,2022-07-05 02:32:00,-5.3964,-40.3086,74.32,69,83,7.85
444,Huesca,ES,2022-07-05 02:32:00,42.1362,-0.4087,75.11,82,0,11.5
445,Colac,AU,2022-07-05 02:32:01,-38.3333,143.5833,54.18,55,8,10.45
446,Belaya Gora,RU,2022-07-05 02:32:01,68.5333,146.4167,80.92,48,100,10.49
447,Noshiro,JP,2022-07-05 02:32:01,40.2039,140.0242,83.23,77,69,4.85
448,Aquiraz,BR,2022-07-05 02:32:02,-3.9014,-38.3911,78.89,89,33,8.66
449,Mehamn,NO,2022-07-05 02:33:02,71.0357,27.8492,49.95,100,100,4.61
450,Tukrah,LY,2022-07-05 02:33:02,32.5341,20.5791,75.15,66,0,7.29
451,Sainte-Maxime,FR,2022-07-05 02:33:03,43.3,6.6333,75.94,67,0,3.33
452,Camopi,GF,2022-07-05 02:33:03,3.1655,-52.3158,70.2,99,30,1.86
453,Dagda,LV,2022-07-05 02:33:03,56.0951,27.5372,59.59,96,6,4.63
454,Coxim,BR,2022-07-05 02:33:04,-18.5067,-54.76,68.45,34,5,3.74
455,San Luis,AR,2022-07-05 02:31:29,-33.295,-66.3356,46.78,38,0,13.4
456,Plastun,RU,2022-07-05 02:33:04,44.7561,136.2939,68.54,75,82,6.4
457,Utevka,RU,2022-07-05 02:33:04,52.9035,50.9495,53.29,85,10,13.0
458,Luangwa,ZM,2022-07-05 02:33:05,-15.6167,30.4167,56.86,88,0,1.57
459,Atar,MR,2022-07-05 02:33:05,20.5169,-13.0499,91.31,22,3,5.1
460,Ewo,CG,2022-07-05 02:33:05,-0.8725,14.8206,74.61,65,6,4.68
461,Alpena,US,2022-07-05 02:33:06,45.0617,-83.4327,62.92,88,75,3.44
462,Husavik,IS,2022-07-05 02:33:06,66.0449,-17.3389,42.53,90,95,3.89
463,Ilyich,KZ,2022-07-05 02:33:06,40.8464,68.5067,76.8,34,71,8.84
464,Almaznyy,RU,2022-07-05 02:33:07,48.0448,40.045,69.33,60,9,3.67
465,Trinidad,BO,2022-07-05 02:33:07,-14.8333,-64.9,76.33,60,100,3.02
466,Smithers,CA,2022-07-05 02:30:06,54.7804,-127.1743,77.32,33,40,0.0
467,Moshupa,BW,2022-07-05 02:33:07,-24.7782,25.4155,52.14,53,0,3.38
468,Fereydun Kenar,IR,2022-07-05 02:33:08,36.6864,52.5225,68.22,83,0,0.0
469,Xuddur,SO,2022-07-05 02:33:08,4.1213,43.8894,67.73,84,32,17.18
470,Olden,NO,2022-07-05 02:33:08,61.8364,6.8064,52.54,92,100,5.95
471,Nadym,RU,2022-07-05 02:33:09,65.5333,72.5167,49.24,73,100,8.93
472,Nazas,MX,2022-07-05 02:33:09,25.2333,-104.1333,90.81,23,94,8.23
473,Samarinda,ID,2022-07-05 02:29:24,-0.5,117.15,85.23,67,99,3.76
474,Oussouye,SN,2022-07-05 02:33:09,12.485,-16.5469,78.69,85,99,2.82
475,Geraldton,AU,2022-07-05 02:31:16,-28.7667,114.6,57.61,51,75,18.41
476,Paamiut,GL,2022-07-05 02:33:10,61.994,-49.6678,42.48,91,100,7.16
477,Cabatuan,PH,2022-07-05 02:33:10,10.8794,122.486,81.23,83,90,5.59
478,Maneadero,MX,2022-07-05 02:33:10,31.7167,-116.5667,66.09,75,15,1.99
479,Sangar,RU,2022-07-05 02:33:11,63.9242,127.4739,75.81,46,73,9.17
480,Seoul,KR,2022-07-05 02:33:11,37.5683,126.9778,89.17,64,40,2.3
481,Puerto Escondido,MX,2022-07-05 02:33:11,15.85,-97.0667,83.23,61,40,5.75
482,Idenao,CM,2022-07-05 02:33:11,4.2475,9.0047,74.44,92,97,0.2
483,Krasnoselkup,RU,2022-07-05 02:33:12,65.7,82.4667,57.56,45,1,7.25
484,Tilichiki,RU,2022-07-05 02:33:12,60.4667,166.1,52.5,76,95,4.47
485,Warrnambool,AU,2022-07-05 02:33:12,-38.3833,142.4833,59.81,58,40,13.13
486,Trelew,AR,2022-07-05 02:33:13,-43.249,-65.3051,48.99,43,95,26.04
487,Devonport,AU,2022-07-05 02:32:05,-41.1667,146.35,60.01,56,8,2.06
488,Penzance,GB,2022-07-05 02:33:13,50.1186,-5.5371,54.28,86,0,10.11
489,Biak,ID,2022-07-05 02:33:13,-0.9131,122.8766,77.79,84,100,4.88
490,Mira,IT,2022-07-05 02:33:14,45.4358,12.1348,74.01,76,0,3.44
491,Altar,MX,2022-07-05 02:33:14,30.7,-111.8167,90.34,30,69,17.18
492,Isabela,PH,2022-07-05 02:33:14,6.7085,121.9711,84.25,81,99,0.83
493,Dolores,AR,2022-07-05 02:33:15,-36.3132,-57.6792,45.46,97,36,5.86
494,Fortuna,US,2022-07-05 02:33:15,40.5982,-124.1573,65.91,89,100,1.01
495,Dzaoudzi,YT,2022-07-05 02:33:15,-12.7887,45.2699,69.69,94,0,12.75
496,Hundorp,NO,2022-07-05 02:34:16,61.5552,9.9407,47.93,97,100,4.27
497,Galle,LK,2022-07-05 02:34:16,6.0367,80.217,79.38,86,100,18.19
498,Adelaide,AU,2022-07-05 02:30:03,-34.9333,138.6,61.43,65,20,5.75
499,Bilgoraj,PL,2022-07-05 02:34:17,50.5411,22.722,61.66,73,77,3.51
500,Sungaipenuh,ID,2022-07-05 02:34:17,-2.0833,101.3833,77.41,65,99,0.74
501,Rakiv Lis,UA,2022-07-05 02:34:17,51.6217,24.9243,63.03,83,89,3.27
502,Jamame,SO,2022-07-05 02:34:17,0.0722,42.7506,74.55,80,37,12.26
503,Launceston,AU,2022-07-05 02:34:18,-41.45,147.1667,55.15,81,4,4.61
504,Inhambane,MZ,2022-07-05 02:33:54,-23.865,35.3833,65.39,84,1,2.57
505,Sakata,JP,2022-07-05 02:34:18,38.9167,139.855,86.18,66,40,6.91
506,Lastoursville,GA,2022-07-05 02:34:19,-0.8143,12.7287,71.55,92,91,2.68
507,Inuvik,CA,2022-07-05 02:30:06,68.3499,-133.7218,88.56,37,75,3.44
508,Tura,IN,2022-07-05 02:34:19,25.5198,90.2201,84.61,72,100,3.27
509,Hobyo,SO,2022-07-05 02:34:19,5.3505,48.5268,75.58,83,10,24.72
510,Flin Flon,CA,2022-07-05 02:34:20,54.7682,-101.865,58.86,54,94,5.37
511,Novogurovskiy,RU,2022-07-05 02:34:20,54.4678,37.3428,64.58,81,36,2.39
512,Voh,NC,2022-07-05 02:34:20,-20.9667,164.7,82.96,62,59,7.16
513,Sukhobezvodnoye,RU,2022-07-05 02:34:21,57.0491,44.8891,58.32,71,52,2.26
514,Kailua,US,2022-07-05 02:34:21,21.4022,-157.7394,82.38,72,40,16.11
515,Ahero,KE,2022-07-05 02:34:21,-0.1746,34.9163,65.07,73,97,2.35
516,Saint-Pierre,RE,2022-07-05 02:34:21,-21.3393,55.4781,66.9,73,20,6.91
517,Karibib,NA,2022-07-05 02:34:22,-21.9333,15.8333,52.63,61,0,3.15
518,Cidreira,BR,2022-07-05 02:33:27,-30.1811,-50.2056,63.72,92,9,2.62
519,Jelgava,LV,2022-07-05 02:34:22,56.65,23.7128,59.04,96,5,5.53
520,Lamar,US,2022-07-05 02:34:22,33.6668,-95.5836,88.65,51,0,8.05
521,Porto Velho,BR,2022-07-05 02:30:55,-8.7619,-63.9039,75.25,88,0,1.14
522,Moranbah,AU,2022-07-05 02:34:23,-22.0016,148.0466,58.8,61,92,4.99
523,Coihaique,CL,2022-07-05 02:32:45,-45.5752,-72.0662,32.61,100,100,5.75
524,Denia,ES,2022-07-05 02:34:23,38.8408,0.1057,77.79,88,97,3.0
525,Sahbuz,AZ,2022-07-05 02:34:23,39.4072,45.5739,62.2,64,0,5.97
526,Zaysan,KZ,2022-07-05 02:34:24,47.4667,84.8667,70.47,61,100,15.88
527,Puerto Narino,CO,2022-07-05 02:34:24,-3.7703,-70.3831,74.21,95,100,1.05
528,Mosquera,CO,2022-07-05 02:32:28,4.7059,-74.2302,53.69,82,40,5.75
529,Bakel,SN,2022-07-05 02:34:25,14.905,-12.4568,83.97,66,91,12.5
530,Vaitape,PF,2022-07-05 02:34:25,-16.5167,-151.75,79.3,72,36,8.14
531,Lakhna,IN,2022-07-05 02:34:25,26.65,79.15,94.82,46,54,11.41
532,Angoche,MZ,2022-07-05 02:34:26,-16.2325,39.9086,69.67,76,0,7.58
533,West Bay,KY,2022-07-05 02:34:26,19.3667,-81.4167,83.07,87,20,3.44
534,Tailai,CN,2022-07-05 02:34:26,46.3833,123.4,84.7,59,77,9.91
535,Tabuk,PH,2022-07-05 02:34:26,17.4189,121.4443,87.17,65,94,2.95
536,Novonikolayevskaya,RU,2022-07-05 02:34:27,45.5892,38.3689,67.71,67,10,4.34
537,Gradsko,MK,2022-07-05 02:34:27,41.5775,21.9428,68.16,75,0,1.07
538,Ponta Grossa,BR,2022-07-05 02:30:37,-25.095,-50.1619,55.22,73,100,2.68
539,Krasnoye,UA,2022-07-05 02:34:27,49.9145,24.6134,61.83,81,38,1.61
